scorer,score_field,tau,hn_fpr,neg_fpr,num_fpr,ranking_acc,hn_ranking_acc,num_ranking_acc,selected_operating_tau
bge_reranker,raw_score,0.3,0.37775909186462053,0.3061953772233896,0.6744029731315682,0.831896394921605,0.960269077149464,0.8260915027709389,
bge_reranker,raw_score,0.4,0.3704015135589657,0.29523401635504637,0.6666642957483507,0.831896394921605,0.960269077149464,0.8260915027709389,
bge_reranker,raw_score,0.5,0.3628337187302922,0.2858117965121726,0.6585842061276383,0.831896394921605,0.960269077149464,0.8260915027709389,
bge_reranker,raw_score,0.6,0.3567374395627496,0.27676432404941315,0.6506819353806212,0.831896394921605,0.960269077149464,0.8260915027709389,
bge_reranker,raw_score,0.7,0.3500105108261509,0.26665952862133113,0.6424809289257962,0.831896394921605,0.960269077149464,0.8260915027709389,
bge_reranker,raw_score,0.8,0.34328358208955223,0.2571436219334288,0.6334655120294468,0.831896394921605,0.960269077149464,0.8260915027709389,
bge_reranker,raw_score,0.9,0.33550557073785997,0.24794892728562443,0.6242260433522414,0.831896394921605,0.960269077149464,0.8260915027709389,
cross_nli,raw_score,0.3,0.05696867773807021,0.018255550945567942,0.07505734658676672,0.8380534031794536,0.9943241538784948,0.8309869865683134,
cross_nli,raw_score,0.4,0.05507672903090183,0.01738560167030261,0.07188861425751729,0.8380534031794536,0.9943241538784948,0.8309869865683134,
cross_nli,raw_score,0.5,0.05423586293882699,0.016622723075069932,0.06921777477461458,0.8380534031794536,0.9943241538784948,0.8309869865683134,
cross_nli,raw_score,0.6,0.05234391423165861,0.01585984447983725,0.06631932713338194,0.8380534031794536,0.9943241538784948,0.8309869865683134,
cross_nli,raw_score,0.7,0.050451965524490223,0.015230804234645396,0.06352757081636645,0.8380534031794536,0.9943241538784948,0.8309869865683134,
cross_nli,raw_score,0.8,0.04624763506411604,0.014441157969404553,0.059882283905613745,0.8380534031794536,0.9943241538784948,0.8309869865683134,
cross_nli,raw_score,0.9,0.041412655034685726,0.012902016943935115,0.053164286857407046,0.8380534031794536,0.9943241538784948,0.8309869865683134,
nli,C_ab,0.3,0.8343493798612571,0.9427841053575492,,0.012402774858103847,0.012402774858103847,,
nli,C_ab,0.4,0.8223670380491906,0.9387555710213205,,0.012402774858103847,0.012402774858103847,,
nli,C_ab,0.5,0.8112255623291991,0.9333886531846836,,0.012402774858103847,0.012402774858103847,,
nli,C_ab,0.6,0.7992432205171327,0.9286240079232303,,0.012402774858103847,0.012402774858103847,,
nli,C_ab,0.7,0.7853689299978979,0.9215974945460872,,0.012402774858103847,0.012402774858103847,,
nli,C_ab,0.8,0.7660290098801766,0.9122288100432298,,0.012402774858103847,0.012402774858103847,,
nli,C_ab,0.9,0.7332352322892579,0.8947093700228863,,0.012402774858103847,0.012402774858103847,,
nli,C_ba,0.3,0.8053394996846752,0.9346601175100714,,0.018288837502627706,0.018288837502627706,,
nli,C_ba,0.4,0.7937775909186462,0.9294805733634915,,0.018288837502627706,0.018288837502627706,,
nli,C_ba,0.5,0.7786420012612991,0.9232704739215974,,0.018288837502627706,0.018288837502627706,,
nli,C_ba,0.6,0.7628757620348959,0.9170469906446993,,0.018288837502627706,0.018288837502627706,,
nli,C_ba,0.7,0.749842337607736,0.9093111340123399,,0.018288837502627706,0.018288837502627706,,
nli,C_ba,0.8,0.7300819844439773,0.8966500260984782,,0.018288837502627706,0.018288837502627706,,
nli,C_ba,0.9,0.6926634433466471,0.8720505373609754,,0.018288837502627706,0.018288837502627706,,
nli,E_ab,0.3,0.15513979398780745,0.014668683164473948,0.13359531980724434,0.9113099785368693,0.9829724616354846,0.9080694683409538,
nli,E_ab,0.4,0.14483918435989068,0.013236612819037166,0.11989615377776197,0.9113099785368693,0.9829724616354846,0.9080694683409538,
nli,E_ab,0.5,0.1339079251629178,0.011817926308604468,0.10806764229955368,0.9113099785368693,0.9829724616354846,0.9080694683409538,
nli,E_ab,0.6,0.12108471725877654,0.010332320623151358,0.0970250902430784,0.9113099785368693,0.9829724616354846,0.9080694683409538,
nli,E_ab,0.7,0.11036367458482237,0.009020704792751315,0.08570514074363852,0.9113099785368693,0.9829724616354846,0.9080694683409538,
nli,E_ab,0.8,0.09480765188143789,0.007615402117322698,0.07264612265945908,0.9113099785368693,0.9829724616354846,0.9080694683409538,
nli,E_ab,0.9,0.07084296825730503,0.005607826866710387,0.05450859754254316,0.9113099785368693,0.9829724616354846,0.9080694683409538,
nli,E_ba,0.3,0.21000630649569055,0.06350629709436942,0.2265341323328058,0.8919385936192659,0.9751944502837923,0.8881738419566726,
nli,E_ba,0.4,0.19571158293041832,0.05991942931327542,0.20782403044259118,0.8919385936192659,0.9751944502837923,0.8881738419566726,
nli,E_ba,0.5,0.18183729241118352,0.05724266231245901,0.1906894037733165,0.8919385936192659,0.9751944502837923,0.8881738419566726,
nli,E_ba,0.6,0.17069581669119194,0.05427145094155279,0.17313156818464712,0.8919385936192659,0.9751944502837923,0.8881738419566726,
nli,E_ba,0.7,0.1566113096489384,0.051313623405650655,0.15304514821203122,0.8919385936192659,0.9751944502837923,0.8881738419566726,
nli,E_ba,0.8,0.138112255623292,0.048409331209764844,0.12728274979106283,0.8919385936192659,0.9751944502837923,0.8881738419566726,
nli,E_ba,0.9,0.11435778852217784,0.044782311923658606,0.09070540747194908,0.8919385936192659,0.9751944502837923,0.8881738419566726,
nli,nli_score_coverage,0.3,0.14084507042253522,0.01596691515986991,0.106070305720342,0.9154207137400415,0.9777170485600168,0.9126037319746385,
nli,nli_score_coverage,0.4,0.12591969728820684,0.010707068003265655,0.0944830921997923,0.9154207137400415,0.9777170485600168,0.9126037319746385,
nli,nli_score_coverage,0.5,0.11435778852217784,0.009328532997845203,0.08537834492765994,0.9154207137400415,0.9777170485600168,0.9126037319746385,
nli,nli_score_coverage,0.6,0.10300609627916754,0.008110604012473734,0.07625581494601169,0.9154207137400415,0.9777170485600168,0.9126037319746385,
nli,nli_score_coverage,0.7,0.09207483708219466,0.0070934325521634966,0.06612322706386127,0.9154207137400415,0.9777170485600168,0.9126037319746385,
nli,nli_score_coverage,0.8,0.07799033003994114,0.005875503566792029,0.05514062566685161,0.9154207137400415,0.9777170485600168,0.9126037319746385,
nli,nli_score_coverage,0.9,0.05780954383014505,0.004510352396375658,0.04094291038937021,0.9154207137400415,0.9777170485600168,0.9126037319746385,
nli,nli_score_equiv,0.3,0.15387849484969518,0.04740554358445869,0.15496809804604977,0.9148477572847321,0.9787681311751104,0.9119573379975094,
nli,nli_score_equiv,0.4,0.1404246373764978,0.045505039013879034,0.12992666462759714,0.9148477572847321,0.9787681311751104,0.9119573379975094,
nli,nli_score_equiv,0.5,0.11877233550557074,0.011724239463575894,0.08671854438888375,0.9148477572847321,0.9787681311751104,0.9119573379975094,
nli,nli_score_equiv,0.6,0.10342652932520496,0.00801691716744516,0.07616991613733845,0.9148477572847321,0.9787681311751104,0.9119573379975094,
nli,nli_score_equiv,0.7,0.09375656926634433,0.007160351727183907,0.06623300874191781,0.9148477572847321,0.9787681311751104,0.9119573379975094,
nli,nli_score_equiv,0.8,0.08072314483918436,0.006009341916832849,0.05522203333167362,0.9148477572847321,0.9787681311751104,0.9119573379975094,
nli,nli_score_equiv,0.9,0.06012192558335085,0.0045772715713960676,0.04088215837879747,0.9148477572847321,0.9787681311751104,0.9119573379975094,
nli_calibrated_logistic,calibrated_score,0.3,0.11940298507462686,0.01021186610811462,0.08987743985474353,0.9614060331980061,0.983392894681522,0.9542919330703306,0.1351
nli_calibrated_logistic,calibrated_score,0.4,0.11183519024595333,0.009395452172865613,0.08350871401257239,0.9614060331980061,0.983392894681522,0.9542919330703306,0.1351
nli_calibrated_logistic,calibrated_score,0.5,0.10426739541727979,0.008605805907624772,0.07713998817040124,0.9614060331980061,0.983392894681522,0.9542919330703306,0.1351
nli_calibrated_logistic,calibrated_score,0.6,0.09901198234181206,0.007883078817404339,0.070812528370404,0.9614060331980061,0.983392894681522,0.9542919330703306,0.1351
nli_calibrated_logistic,calibrated_score,0.7,0.09081353794408241,0.006946210367118594,0.06357721564258105,0.9614060331980061,0.983392894681522,0.9542919330703306,0.1351
nli_calibrated_logistic,calibrated_score,0.8,0.07441664914862309,0.005674746041730797,0.05269673585606405,0.9614060331980061,0.983392894681522,0.9542919330703306,0.1351
nli_calibrated_logistic,calibrated_score,0.9,0.027958797561488332,0.001927272240587818,0.017056630765209975,0.9614060331980061,0.983392894681522,0.9542919330703306,0.1351
sbert,raw_score,0.3,0.9997897834769813,0.9568371321118353,0.9691875455660864,0.8355433082323839,0.7248265713685096,0.840549815112311,
sbert,raw_score,0.4,0.9983182678158503,0.9120280525181685,0.9612532674218042,0.8355433082323839,0.7248265713685096,0.840549815112311,
sbert,raw_score,0.5,0.9894891738490645,0.8494050885340686,0.9439728292760994,0.8355433082323839,0.7248265713685096,0.840549815112311,
sbert,raw_score,0.6,0.9600588606264452,0.7753523294564825,0.9138929886018102,0.8355433082323839,0.7248265713685096,0.840549815112311,
sbert,raw_score,0.7,0.8833298297246164,0.6367627179892126,0.8494407596422284,0.8355433082323839,0.7248265713685096,0.840549815112311,
sbert,raw_score,0.8,0.6571368509564852,0.40907691689976844,0.7196543201095364,0.8355433082323839,0.7248265713685096,0.840549815112311,
sbert,raw_score,0.9,0.37754887534160186,0.11752345517084466,0.4805092732542632,0.8355433082323839,0.7248265713685096,0.840549815112311,
